Source,Redirect
https://www.wolstead.com/,https://www.kitchenwarehouse.com.au/brands/wolstead
https://www.wolstead.com/blogs/news-1,https://www.kitchenwarehouse.com.au/brands/wolstead
https://www.wolstead.com/blogs/news/beef-ragu-recipe,https://www.kitchenwarehouse.com.au/blog/recipes/recipe-slow-cooked-cherry-tomato-and-spicy-sausage-ragu
https://www.wolstead.com/blogs/news/chicken-roast-recipe,https://www.kitchenwarehouse.com.au/blog/recipes/roast-harissa-and-pomegranate-spatchcock-chicken
https://www.wolstead.com/blogs/news/introducing-wolstead-stonetek-cookware,https://www.kitchenwarehouse.com.au/brands/wolstead/wolstead-stonetek-ultra
https://www.wolstead.com/blogs/news/pad-thai,https://www.kitchenwarehouse.com.au/blog/recipes/pad-krapow-gai-thai-chilli-basil-chicken
https://www.wolstead.com/blogs/news/product-launch-wolstead-essen-knife-block-set,https://www.kitchenwarehouse.com.au/brands/wolstead/wolstead-essen
https://www.wolstead.com/blogs/news/roasted-pumpkin-sweet-potato-soup,https://www.kitchenwarehouse.com.au/blog/recipes/recipe-roast-pumpkin-soup-with-brown-butter-crispy-sage
https://www.wolstead.com/blogs/news/wolstead-superior-cookware,https://www.kitchenwarehouse.com.au/brands/wolstead/wolstead-superior
https://www.wolstead.com/blogs/news,https://www.kitchenwarehouse.com.au/brands/wolstead
https://www.wolstead.com/blogs/recipes,https://www.kitchenwarehouse.com.au/blog
https://www.wolstead.com/collections/all-products,https://www.kitchenwarehouse.com.au/brands/wolstead
https://www.wolstead.com/collections/bakeware,https://www.kitchenwarehouse.com.au/brands/wolstead/wolstead-bakeware
https://www.wolstead.com/collections/boards,https://www.kitchenwarehouse.com.au/brands/wolstead/wolstead-chopping-boards
https://www.wolstead.com/collections/calibre-knives,https://www.kitchenwarehouse.com.au/brands/wolstead/wolstead-calibre
https://www.wolstead.com/collections/cookware,https://www.kitchenwarehouse.com.au/brands/wolstead/wolstead-cookware
https://www.wolstead.com/collections/dulce-ice-cream-makers,https://www.kitchenwarehouse.com.au/brands/wolstead/wolstead-dulce
https://www.wolstead.com/collections/endure-cookware,https://www.kitchenwarehouse.com.au/brands/wolstead/wolstead-endure-plus
https://www.wolstead.com/collections/essen-knives,https://www.kitchenwarehouse.com.au/brands/wolstead/wolstead-essen
https://www.wolstead.com/collections/featured-items-2022,https://www.kitchenwarehouse.com.au/brands/wolstead
https://www.wolstead.com/collections/featured,https://www.kitchenwarehouse.com.au/brands/wolstead
https://www.wolstead.com/collections/forge-knives,https://www.kitchenwarehouse.com.au/brands/wolstead/wolstead-knives
https://www.wolstead.com/collections/insignia-knives,https://www.kitchenwarehouse.com.au/brands/wolstead/wolstead-insignia
https://www.wolstead.com/collections/italo-cookware,https://www.kitchenwarehouse.com.au/brands/wolstead/wolstead-cookware
https://www.wolstead.com/collections/knife-block-sets,https://www.kitchenwarehouse.com.au/brands/wolstead/wolstead-knives/wolstead-knife-blocks-and-knife-sets
https://www.wolstead.com/collections/knife-sharpening,https://www.kitchenwarehouse.com.au/brands/wolstead/wolstead-knives/wolstead-knife-sharpening-and-storage
https://www.wolstead.com/collections/knives,https://www.kitchenwarehouse.com.au/brands/wolstead/wolstead-knives/wolstead-loose-knives
https://www.wolstead.com/collections/loose-knives,https://www.kitchenwarehouse.com.au/brands/wolstead/wolstead-knives/wolstead-loose-knives
https://www.wolstead.com/collections/mineral-cookware,https://www.kitchenwarehouse.com.au/brands/wolstead/wolstead-mineral/wolstead-mineral-cookware
https://www.wolstead.com/collections/origin-boards,https://www.kitchenwarehouse.com.au/brands/wolstead/wolstead-chopping-boards
https://www.wolstead.com/collections/palette-mixers,https://www.kitchenwarehouse.com.au/brands/wolstead/wolstead-palette
https://www.wolstead.com/collections/series-boards,https://www.kitchenwarehouse.com.au/brands/wolstead/wolstead-series
https://www.wolstead.com/collections/shapu-knives,https://www.kitchenwarehouse.com.au/brands/wolstead/wolstead-knives
https://www.wolstead.com/collections/steeltek-ultra,https://www.kitchenwarehouse.com.au/brands/wolstead/wolstead-steeltek-ultra
https://www.wolstead.com/collections/steeltek,https://www.kitchenwarehouse.com.au/brands/wolstead/wolstead-steeltek-ultra
https://www.wolstead.com/collections/stonetek-cookware,https://www.kitchenwarehouse.com.au/brands/wolstead/wolstead-stonetek-ultra
https://www.wolstead.com/collections/superior-cookware,https://www.kitchenwarehouse.com.au/brands/wolstead/wolstead-superior
https://www.wolstead.com/collections/superior-steel-cookware,https://www.kitchenwarehouse.com.au/brands/wolstead/wolstead-superior-steel
https://www.wolstead.com/collections/titan-cookware,https://www.kitchenwarehouse.com.au/brands/wolstead/wolstead-titan
https://www.wolstead.com/collections/universal-knife-holders,https://www.kitchenwarehouse.com.au/brands/wolstead/wolstead-universal
https://www.wolstead.com/collections/wolstead-bonn,https://www.kitchenwarehouse.com.au/brands/wolstead/wolstead-bonn
https://www.wolstead.com/collections/wolstead-estate,https://www.kitchenwarehouse.com.au/brands/wolstead/wolstead-estate
https://www.wolstead.com/collections/wolstead-pro-appliances,https://www.kitchenwarehouse.com.au/brands/wolstead/wolstead-appliances
https://www.wolstead.com/collections/wolstead-satoru,https://www.kitchenwarehouse.com.au/brands/wolstead/wolstead-satoru
https://www.wolstead.com/pages/about-us,https://www.kitchenwarehouse.com.au/brands/wolstead
https://www.wolstead.com/pages/contact-us,https://www.kitchenwarehouse.com.au/brands/wolstead
https://www.wolstead.com/pages/terms-conditions,https://www.kitchenwarehouse.com.au/brands/wolstead
https://www.wolstead.com/pages/wishlist,https://www.kitchenwarehouse.com.au/brands/wolstead
https://www.wolstead.com/pages/wolstead-90-day-money-back-guarantee,https://www.kitchenwarehouse.com.au/90-day-money-back-guarantee
https://www.wolstead.com/products/copy-of-wolstead-series-acacia-wood-cutting-board-50x35cm,https://www.kitchenwarehouse.com.au/product/wolstead-series-acacia-wood-cutting-board-50x35cm
https://www.wolstead.com/products/stone-twin-frypan-set-24-30cm,https://www.kitchenwarehouse.com.au/product/wolstead-stonetek-ultra-3pc-frypan-set-black
https://www.wolstead.com/products/stonetek-grill-pan-28x4cm,https://www.kitchenwarehouse.com.au/product/wolstead-stonetek-ultra-grill-pan-28cm-black
https://www.wolstead.com/products/stonetek-milk-pan-14cm,https://www.kitchenwarehouse.com.au/product/wolstead-stonetek-ultra-milk-pan-14cm-1l-black
https://www.wolstead.com/products/superior-frypan-with-helper-handle-32cm,https://www.kitchenwarehouse.com.au/product/wolstead-superior-non-stick-induction-frypan-32cm
https://www.wolstead.com/products/superior-roaster-grill-set,https://www.kitchenwarehouse.com.au/product/wolstead-superior-roaster-grill-set
https://www.wolstead.com/products/superior-saucepan-with-lid-16cm-1-8l,https://www.kitchenwarehouse.com.au/product/wolstead-superior-non-stick-saucepan-with-lid-16cm-1-8l
https://www.wolstead.com/products/superior-saucepan-with-lid-18cm-2-7l,https://www.kitchenwarehouse.com.au/product/wolstead-superior-non-stick-saucepan-with-lid-18cm-2-7l
https://www.wolstead.com/products/superior-stockpot-with-lid-24cm-7-4l,https://www.kitchenwarehouse.com.au/product/wolstead-superior-stockpot-with-lid-24cm-7-4l
https://www.wolstead.com/products/wolstead-2-stage-knife-sharpener,https://www.kitchenwarehouse.com.au/product/wolstead-2-stage-knife-sharpener
https://www.wolstead.com/products/wolstead-bliss-soft-serve-slushy-maker-1-8l-white,https://www.kitchenwarehouse.com.au/product/wolstead-bliss-soft-serve-slushy-maker-1-8l-white
https://www.wolstead.com/products/wolstead-bonn-carving-board-55x35cm,https://www.kitchenwarehouse.com.au/product/wolstead-bonn-carving-board-55x35cm
https://www.wolstead.com/products/wolstead-bonn-chopping-board-set-2pc,https://www.kitchenwarehouse.com.au/product/wolstead-bonn-chopping-board-set-2pc
https://www.wolstead.com/products/wolstead-bonn-chopping-board-with-channel-50x35cm,https://www.kitchenwarehouse.com.au/product/wolstead-bonn-chopping-board-with-channel-50x35cm
https://www.wolstead.com/products/wolstead-bonn-cutting-board-with-tray-39x27cm,https://www.kitchenwarehouse.com.au/brands/wolstead/wolstead-bonn
https://www.wolstead.com/products/wolstead-bonn-end-grain-chopping-board-30x40x3cm,https://www.kitchenwarehouse.com.au/product/wolstead-bonn-end-grain-chopping-board-40x30cm
https://www.wolstead.com/products/wolstead-bonn-end-grain-chopping-board-35x50x6cm,https://www.kitchenwarehouse.com.au/product/wolstead-bonn-end-grain-chopping-board-35x50x6cm
https://www.wolstead.com/products/wolstead-bonn-end-grain-chopping-board-42x42cm,https://www.kitchenwarehouse.com.au/product/wolstead-bonn-end-grain-chopping-board-42x42cm
https://www.wolstead.com/products/wolstead-bonn-long-grain-chopping-board-30x40x3cm,https://www.kitchenwarehouse.com.au/product/wolstead-bonn-long-grain-chopping-board-40x30cm
https://www.wolstead.com/products/wolstead-bonn-long-grain-chopping-board-35x50x3cm,https://www.kitchenwarehouse.com.au/product/wolstead-bonn-long-grain-chopping-board-50x35cm
https://www.wolstead.com/products/wolstead-bonn-round-end-grain-chopping-board-45x4-5cm,https://www.kitchenwarehouse.com.au/product/wolstead-bonn-round-end-grain-chopping-board-45x4-5cm
https://www.wolstead.com/products/wolstead-bonn-steak-plate-32x27cm-set-of-2,https://www.kitchenwarehouse.com.au/product/wolstead-bonn-steak-plate-32x27cm-set-of-2
https://www.wolstead.com/products/wolstead-bonn-teak-end-grain-chopping-board-40x30cm,https://www.kitchenwarehouse.com.au/product/wolstead-bonn-teak-end-grain-chopping-board-40x30cm
https://www.wolstead.com/products/wolstead-bonn-teak-end-grain-chopping-board-50x35cm,https://www.kitchenwarehouse.com.au/product/wolstead-bonn-teak-end-grain-chopping-board-50x35cm
https://www.wolstead.com/products/wolstead-calibre-2pc-carving-knife-set,https://www.kitchenwarehouse.com.au/product/wolstead-calibre-2pc-carving-set
https://www.wolstead.com/products/wolstead-calibre-3pc-prep-knife-set,https://www.kitchenwarehouse.com.au/product/wolstead-calibre-3pc-prep-knife-set
https://www.wolstead.com/products/wolstead-calibre-6pc-knife-block-set,https://www.kitchenwarehouse.com.au/product/wolstead-calibre-6pc-knife-block-set
https://www.wolstead.com/products/wolstead-calibre-8pc-knife-block-set,https://www.kitchenwarehouse.com.au/product/wolstead-calibre-8pc-knife-block-set
https://www.wolstead.com/products/wolstead-calibre-bread-knife-20cm,https://www.kitchenwarehouse.com.au/product/wolstead-calibre-bread-knife-20cm
https://www.wolstead.com/products/wolstead-calibre-carving-knife-20cm,https://www.kitchenwarehouse.com.au/product/wolstead-calibre-carving-knife-20cm
https://www.wolstead.com/products/wolstead-calibre-chefs-knife-15cm,https://www.kitchenwarehouse.com.au/product/wolstead-calibre-chef-s-knife-15cm
https://www.wolstead.com/products/wolstead-calibre-chefs-knife-20cm,https://www.kitchenwarehouse.com.au/product/wolstead-calibre-chef-s-knife-20cm
https://www.wolstead.com/products/wolstead-calibre-cleaver-16-5cm,https://www.kitchenwarehouse.com.au/product/wolstead-calibre-cleaver-16-5cm
https://www.wolstead.com/products/wolstead-calibre-paring-knife-9-5cm,https://www.kitchenwarehouse.com.au/product/wolstead-calibre-paring-knife-9-5cm
https://www.wolstead.com/products/wolstead-calibre-santoku-knife-12-5cm,https://www.kitchenwarehouse.com.au/product/wolstead-calibre-santoku-knife-12-5cm
https://www.wolstead.com/products/wolstead-calibre-santoku-knife-14cm,https://www.kitchenwarehouse.com.au/product/wolstead-calibre-santoku-knife-14cm
https://www.wolstead.com/products/wolstead-calibre-santoku-knife-17-5cm,https://www.kitchenwarehouse.com.au/product/wolstead-calibre-santoku-knife-17-5cm
https://www.wolstead.com/products/wolstead-calibre-utility-knife-12-5cm,https://www.kitchenwarehouse.com.au/product/wolstead-calibre-utility-knife-12-5cm
https://www.wolstead.com/products/wolstead-cookmaster-14-in-1-multi-cooker-air-fryer-8l,https://www.kitchenwarehouse.com.au/product/wolstead-14-in-1-cookmaster-multi-cooker-air-fryer-8l
https://www.wolstead.com/products/wolstead-crystal-ice-maker-12kg,https://www.kitchenwarehouse.com.au/product/wolstead-crystal-ice-maker-12kg
https://www.wolstead.com/products/wolstead-crystal-ice-nugget-maker-17kg,https://www.kitchenwarehouse.com.au/product/wolstead-crystal-ice-nugget-maker-17kg
https://www.wolstead.com/products/wolstead-crystal-ice-sphere-maker-2-3kg,https://www.kitchenwarehouse.com.au/product/wolstead-crystal-ice-sphere-maker-2-3kg
https://www.wolstead.com/products/wolstead-cultivo-2-in-1-yoghurt-maker-and-fermenter,https://www.kitchenwarehouse.com.au/product/wolstead-cultivo-2-in-1-yoghurt-maker-and-fermenter
https://www.wolstead.com/products/wolstead-cultivo-yoghurt-maker-1-5l,https://www.kitchenwarehouse.com.au/product/wolstead-cultivo-yoghurt-maker-1-5l
https://www.wolstead.com/products/wolstead-cultivo-yoghurt-pot-with-silicone-lid-170ml-set-of-6,https://www.kitchenwarehouse.com.au/product/wolstead-cultivo-yoghurt-pot-with-silicone-lid-170ml-set-of-6
https://www.wolstead.com/products/wolstead-cutting-board-food-safe-mineral-oil-250ml,https://www.kitchenwarehouse.com.au/product/wolstead-cutting-board-food-safe-mineral-oil-250ml
https://www.wolstead.com/products/wolstead-double-sided-magnetic-knife-block-1,https://www.kitchenwarehouse.com.au/product/wolstead-double-sided-magnetic-knife-block
https://www.wolstead.com/products/wolstead-dulce-ice-cream-machine-with-compressor-1-5l-black,https://www.kitchenwarehouse.com.au/product/wolstead-dulce-ice-cream-machine-with-compressor-1-5l-black
https://www.wolstead.com/products/wolstead-dulce-ice-cream-machine-with-compressor-2l-stainless-steel,https://www.kitchenwarehouse.com.au/product/wolstead-dulce-ice-cream-machine-with-compressor-2l-stainless-steel
https://www.wolstead.com/products/wolstead-dulce-ice-cream-maker-2l,https://www.kitchenwarehouse.com.au/product/wolstead-dulce-ice-cream-maker-2l
https://www.wolstead.com/products/wolstead-ember-enamelled-cast-iron-casserole-24cm,https://www.kitchenwarehouse.com.au/product/wolstead-ember-enamelled-cast-iron-casserole-24cm
https://www.wolstead.com/products/wolstead-ember-round-triple-seasoned-cast-iron-griddle-35cm,https://www.kitchenwarehouse.com.au/product/wolstead-ember-round-triple-seasoned-cast-iron-griddle-35cm
https://www.wolstead.com/products/wolstead-ember-square-triple-seasoned-cast-iron-grill-pan-30cm,https://www.kitchenwarehouse.com.au/product/wolstead-ember-square-triple-seasoned-cast-iron-grill-pan-30cm
https://www.wolstead.com/products/wolstead-ember-triple-seasoned-cast-iron-frypan-20cm,https://www.kitchenwarehouse.com.au/product/wolstead-ember-triple-seasoned-cast-iron-frypan-20cm
https://www.wolstead.com/products/wolstead-ember-triple-seasoned-cast-iron-frypan-25cm,https://www.kitchenwarehouse.com.au/product/wolstead-ember-triple-seasoned-cast-iron-frypan-25cm
https://www.wolstead.com/products/wolstead-ember-triple-seasoned-cast-iron-frypan-30cm,https://www.kitchenwarehouse.com.au/product/wolstead-ember-triple-seasoned-cast-iron-frypan-30cm
https://www.wolstead.com/products/wolstead-ember-triple-seasoned-cast-iron-griddle-46x26cm,https://www.kitchenwarehouse.com.au/product/wolstead-ember-triple-seasoned-cast-iron-griddle-46x26cm
https://www.wolstead.com/products/wolstead-endure-enamel-cast-iron-frypan-25cm-hunter,https://www.kitchenwarehouse.com.au/product/wolstead-endure--enamel-cast-iron-frypan-25cm-hunter
https://www.wolstead.com/products/wolstead-endure-enamel-cast-iron-frypan-25cm-ivory,https://www.kitchenwarehouse.com.au/product/wolstead-endure--enamel-cast-iron-frypan-25cm-ivory
https://www.wolstead.com/products/wolstead-endure-enamel-cast-iron-frypan-25cm-navy,https://www.kitchenwarehouse.com.au/product/wolstead-endure--enamel-cast-iron-frypan-25cm-ivory
https://www.wolstead.com/products/wolstead-endure-enamel-cast-iron-shallow-casserole-30cm-3-5l-hunter,https://www.kitchenwarehouse.com.au/product/wolstead-endure--enamel-cast-iron-casserole-30cm-6-3l-hunter
https://www.wolstead.com/products/wolstead-endure-enamel-cast-iron-shallow-casserole-30cm-3-5l-ivory,https://www.kitchenwarehouse.com.au/product/wolstead-endure--enamel-cast-iron-casserole-30cm-6-3l-ivory
https://www.wolstead.com/products/wolstead-endure-enamel-cast-iron-shallow-casserole-30cm-3-5l-navy,https://www.kitchenwarehouse.com.au/brands/wolstead/wolstead-endure-plus
https://www.wolstead.com/products/wolstead-endure-rectangular-enamel-cast-iron-roaster-39x27cm-hunter,https://www.kitchenwarehouse.com.au/product/wolstead-endure--rectangular-enamel-cast-iron-roaster-39-27cm-hunter
https://www.wolstead.com/products/wolstead-endure-rectangular-enamel-cast-iron-roaster-39x27cm-ivory,https://www.kitchenwarehouse.com.au/product/wolstead-endure--rectangular-enamel-cast-iron-roaster-39-27cm-ivory
https://www.wolstead.com/products/wolstead-endure-rectangular-enamel-cast-iron-roaster-39x27cm-navy,https://www.kitchenwarehouse.com.au/product/wolstead-endure--rectangular-enamel-cast-iron-roaster-39-27cm-ivory
https://www.wolstead.com/products/wolstead-endure-round-enamel-cast-iron-casserole-21cm-2-5l-hunter,https://www.kitchenwarehouse.com.au/product/wolstead-endure--round-enamel-cast-iron-casserole-21cm-2-5l-hunter
https://www.wolstead.com/products/wolstead-endure-round-enamel-cast-iron-casserole-21cm-2-5l-ivory,https://www.kitchenwarehouse.com.au/product/wolstead-endure--round-enamel-cast-iron-casserole-21cm-2-5l-ivory
https://www.wolstead.com/products/wolstead-endure-round-enamel-cast-iron-casserole-21cm-2-5l-navy,https://www.kitchenwarehouse.com.au/brands/wolstead/wolstead-endure-plus
https://www.wolstead.com/products/wolstead-endure-round-enamel-cast-iron-casserole-26cm-5l-hunter,https://www.kitchenwarehouse.com.au/product/wolstead-endure--round-enamel-cast-iron-casserole-28cm-5-9l-hunter
https://www.wolstead.com/products/wolstead-endure-round-enamel-cast-iron-casserole-26cm-5l-ivory-1,https://www.kitchenwarehouse.com.au/product/wolstead-endure--round-enamel-cast-iron-casserole-26cm-5l-ivory
https://www.wolstead.com/products/wolstead-endure-round-enamel-cast-iron-casserole-26cm-5l-navy-1,https://www.kitchenwarehouse.com.au/product/wolstead-endure--round-enamel-cast-iron-casserole-26cm-5l-ivory
https://www.wolstead.com/products/wolstead-endure-round-enamel-cast-iron-casserole-28cm-5-9l-hunter,https://www.kitchenwarehouse.com.au/brands/wolstead/wolstead-endure-plus
https://www.wolstead.com/products/wolstead-endure-round-enamel-cast-iron-casserole-28cm-5-9l-ivory-1,https://www.kitchenwarehouse.com.au/product/wolstead-endure--round-enamel-cast-iron-casserole-28cm-5-9l-ivory
https://www.wolstead.com/products/wolstead-endure-round-enamel-cast-iron-casserole-28cm-5-9l-navy-1,https://www.kitchenwarehouse.com.au/brands/wolstead/wolstead-endure-plus
https://www.wolstead.com/products/wolstead-endure-seasoned-cast-iron-bread-baking-pan-39x25cm,https://www.kitchenwarehouse.com.au/product/wolstead-endure-seasoned-cast-iron-bread-baking-pan-39x25cm
https://www.wolstead.com/products/wolstead-essen-long-grain-chopping-board-20x30cm,https://www.kitchenwarehouse.com.au/product/wolstead-essen-long-grain-chopping-board-30x20cm
https://www.wolstead.com/products/wolstead-essen-long-grain-chopping-board-24x37cm,https://www.kitchenwarehouse.com.au/product/wolstead-essen-long-grain-chopping-board-37x24cm
https://www.wolstead.com/products/wolstead-essen-long-grain-chopping-board-32x46cm,https://www.kitchenwarehouse.com.au/product/wolstead-essen-long-grain-chopping-board-46x32cm
https://www.wolstead.com/products/wolstead-estate-13pc-knife-block-set,https://www.kitchenwarehouse.com.au/product/wolstead-estate-13pc-knife-block-set
https://www.wolstead.com/products/wolstead-estate-2pc-prep-knife-set,https://www.kitchenwarehouse.com.au/product/wolstead-estate-2pc-prep-knife-set
https://www.wolstead.com/products/wolstead-estate-8pc-knife-block-set,https://www.kitchenwarehouse.com.au/product/wolstead-estate-8pc-knife-block-set
https://www.wolstead.com/products/wolstead-estate-bread-knife-20cm,https://www.kitchenwarehouse.com.au/product/wolstead-estate-bread-knife-20cm
https://www.wolstead.com/products/wolstead-estate-chefs-knife-16cm,https://www.kitchenwarehouse.com.au/product/wolstead-estate-chefs-knife-16cm
https://www.wolstead.com/products/wolstead-estate-chefs-knife-20cm,https://www.kitchenwarehouse.com.au/product/wolstead-estate-chefs-knife-20cm
https://www.wolstead.com/products/wolstead-estate-cleaver-18cm,https://www.kitchenwarehouse.com.au/product/wolstead-estate-cleaver-18cm
https://www.wolstead.com/products/wolstead-estate-paring-knife-9-5cm,https://www.kitchenwarehouse.com.au/product/wolstead-estate-paring-knife-9-5cm
https://www.wolstead.com/products/wolstead-estate-santoku-knife-14cm,https://www.kitchenwarehouse.com.au/product/wolstead-estate-santoku-knife-14cm
https://www.wolstead.com/products/wolstead-estate-santoku-knife-17-5cm,https://www.kitchenwarehouse.com.au/product/wolstead-estate-santoku-knife-17-5cm
https://www.wolstead.com/products/wolstead-estate-utility-knife-12-5cm,https://www.kitchenwarehouse.com.au/product/wolstead-estate-utility-knife-12-5cm
https://www.wolstead.com/products/wolstead-felt-frypan-protector-set-of-2,https://www.kitchenwarehouse.com.au/product/wolstead-felt-frypan-protector-set-of-2
https://www.wolstead.com/products/wolstead-food-safe-cutting-board-conditioner-250ml,https://www.kitchenwarehouse.com.au/product/wolstead-food-safe-cutting-board-conditioner-250ml
https://www.wolstead.com/products/wolstead-glass-lid-with-silver-rim-16cm,https://www.kitchenwarehouse.com.au/product/wolstead-glass-lid-with-silver-rim-16cm
https://www.wolstead.com/products/wolstead-glass-lid-with-silver-rim-18cm,https://www.kitchenwarehouse.com.au/product/wolstead-glass-lid-with-silver-rim-18cm
https://www.wolstead.com/products/wolstead-glass-lid-with-silver-rim-20cm,https://www.kitchenwarehouse.com.au/product/wolstead-glass-lid-with-silver-rim-20cm
https://www.wolstead.com/products/wolstead-glass-lid-with-silver-rim-24cm,https://www.kitchenwarehouse.com.au/product/wolstead-glass-lid-with-silver-rim-24cm
https://www.wolstead.com/products/wolstead-glass-lid-with-silver-rim-26cm,https://www.kitchenwarehouse.com.au/product/wolstead-glass-lid-with-silver-rim-26cm
https://www.wolstead.com/products/wolstead-glass-lid-with-silver-rim-28cm,https://www.kitchenwarehouse.com.au/product/wolstead-glass-lid-with-silver-rim-28cm
https://www.wolstead.com/products/wolstead-glass-lid-with-silver-rim-30cm,https://www.kitchenwarehouse.com.au/product/wolstead-glass-lid-with-silver-rim-30cm
https://www.wolstead.com/products/wolstead-glass-lid-with-silver-rim-32cm,https://www.kitchenwarehouse.com.au/product/wolstead-glass-lid-with-silver-rim-32cm
https://www.wolstead.com/products/wolstead-herringbone-acacia-chopping-board-36x24cm,https://www.kitchenwarehouse.com.au/product/wolstead-herringbone-acacia-chopping-board-36x24cm
https://www.wolstead.com/products/wolstead-herringbone-acacia-chopping-board-44x32cm,https://www.kitchenwarehouse.com.au/product/wolstead-herringbone-acacia-chopping-board-44x32cm
https://www.wolstead.com/products/wolstead-herringbone-acacia-chopping-board-50x35cm,https://www.kitchenwarehouse.com.au/product/wolstead-herringbone-acacia-chopping-board-50x35cm
https://www.wolstead.com/products/wolstead-insignia-13pc-knife-block-set,https://www.kitchenwarehouse.com.au/product/wolstead-insignia-13pc-knife-block-set
https://www.wolstead.com/products/wolstead-insignia-5pc-knife-block-set,https://www.kitchenwarehouse.com.au/product/wolstead-insignia-5pc-knife-block-set
https://www.wolstead.com/products/wolstead-insignia-8pc-knife-block-set,https://www.kitchenwarehouse.com.au/product/wolstead-insignia-8pc-knife-block-set
https://www.wolstead.com/products/wolstead-instant-electric-kettle-and-toaster-pack-black,https://www.kitchenwarehouse.com.au/product/wolstead-instant-electric-kettle-and-toaster-pack-black
https://www.wolstead.com/products/wolstead-instant-electric-kettle-and-toaster-pack-white,https://www.kitchenwarehouse.com.au/product/wolstead-instant-electric-kettle-and-toaster-pack-white
https://www.wolstead.com/products/wolstead-instant-hot-water-dispenser-2-5l,https://www.kitchenwarehouse.com.au/product/wolstead-instant-hot-water-dispenser-2-5l
https://www.wolstead.com/products/wolstead-kori-7pc-knife-block-set,https://www.kitchenwarehouse.com.au/product/wolstead-kori-7pc-knife-block-set
https://www.wolstead.com/products/wolstead-kori-bread-knife-20cm,https://www.kitchenwarehouse.com.au/product/wolstead-kori-bread-knife-20cm
https://www.wolstead.com/products/wolstead-kori-carving-knife-20cm,https://www.kitchenwarehouse.com.au/product/wolstead-kori-carving-knife-20cm
https://www.wolstead.com/products/wolstead-kori-chefs-knife-20cm,https://www.kitchenwarehouse.com.au/product/wolstead-kori-chef-s-knife-20cm
https://www.wolstead.com/products/wolstead-kori-paring-knife-9-5cm,https://www.kitchenwarehouse.com.au/product/wolstead-kori-paring-knife-9-5cm
https://www.wolstead.com/products/wolstead-kori-santoku-knife-12-5cm,https://www.kitchenwarehouse.com.au/product/wolstead-kori-santoku-knife-12-5cm
https://www.wolstead.com/products/wolstead-kori-santoku-knife-17-5cm,https://www.kitchenwarehouse.com.au/product/wolstead-kori-santoku-knife-17-5cm
https://www.wolstead.com/products/wolstead-kori-utility-knife-12-5cm,https://www.kitchenwarehouse.com.au/product/wolstead-kori-utility-knife-12-5cm
https://www.wolstead.com/products/wolstead-mineral-cooling-rack-40x28cm,https://www.kitchenwarehouse.com.au/product/wolstead-mineral-cooling-rack-40x28cm
https://www.wolstead.com/products/wolstead-mineral-non-stick-baking-pan-33x23cm-ivory,https://www.kitchenwarehouse.com.au/product/wolstead-mineral-non-stick-baking-pan-37x26cm-ivory
https://www.wolstead.com/products/wolstead-mineral-non-stick-baking-set-5pc,https://www.kitchenwarehouse.com.au/product/wolstead-mineral-non-stick-baking-set-5pc
https://www.wolstead.com/products/wolstead-mineral-non-stick-baking-set-7pc,https://www.kitchenwarehouse.com.au/product/wolstead-mineral-non-stick-baking-set-7pc
https://www.wolstead.com/products/wolstead-mineral-non-stick-baking-tray-38x27cm-ivory,https://www.kitchenwarehouse.com.au/product/wolstead-mineral-non-stick-baking-tray-38x27cm-ivory
https://www.wolstead.com/products/wolstead-mineral-non-stick-baking-tray-43x30cm-ivory,https://www.kitchenwarehouse.com.au/product/wolstead-mineral-non-stick-baking-tray-43x30cm-ivory
https://www.wolstead.com/products/wolstead-mineral-non-stick-baking-tray-pan-set-3pc,https://www.kitchenwarehouse.com.au/product/wolstead-mineral-non-stick-baking-tray-set-3pc
https://www.wolstead.com/products/wolstead-mineral-non-stick-baking-tray-pan-set-4pc,https://www.kitchenwarehouse.com.au/product/wolstead-mineral-non-stick-baking-tray-set-3pc
https://www.wolstead.com/products/wolstead-mineral-non-stick-baking-tray-set-2pc-ivory,https://www.kitchenwarehouse.com.au/product/wolstead-mineral-non-stick-baking-tray-set-2pc-ivory
https://www.wolstead.com/products/wolstead-mineral-non-stick-baking-tray-set-3pc,https://www.kitchenwarehouse.com.au/product/wolstead-mineral-non-stick-baking-tray-set-3pc
https://www.wolstead.com/products/wolstead-mineral-non-stick-cake-set-3pc,https://www.kitchenwarehouse.com.au/product/wolstead-mineral-non-stick-cake-set-3pc
https://www.wolstead.com/products/wolstead-mineral-non-stick-cookie-tray-39x34cm-ivory,https://www.kitchenwarehouse.com.au/product/wolstead-mineral-non-stick-cookie-tray-39x34cm-ivory
https://www.wolstead.com/products/wolstead-mineral-non-stick-lamington-tray-30x20cm-ivory,https://www.kitchenwarehouse.com.au/product/wolstead-mineral-non-stick-lamington-tray-30x20cm-ivory
https://www.wolstead.com/products/wolstead-mineral-non-stick-loaf-pan-24x11-5cm-ivory,https://www.kitchenwarehouse.com.au/product/wolstead-mineral-non-stick-loaf-pan-24x11-5cm-ivory
https://www.wolstead.com/products/wolstead-mineral-non-stick-muffin-cupcake-pan-12-cup-ivory,https://www.kitchenwarehouse.com.au/product/wolstead-mineral-non-stick-muffin/cupcake-pan-12-cup-ivory
https://www.wolstead.com/products/wolstead-mineral-non-stick-round-cake-pan-23cm-ivory,https://www.kitchenwarehouse.com.au/product/wolstead-mineral-non-stick-round-cake-pan-23cm-ivory
https://www.wolstead.com/products/wolstead-mineral-non-stick-round-cake-pan-set-2pc,https://www.kitchenwarehouse.com.au/product/wolstead-mineral-non-stick-round-cake-pan-set-2pc
https://www.wolstead.com/products/wolstead-palette-pouring-shield-1,https://www.kitchenwarehouse.com.au/product/wolstead-palette-pouring-shield
https://www.wolstead.com/products/wolstead-palette-slicer-and-shredder-attachment-set-1,https://www.kitchenwarehouse.com.au/product/wolstead-palette-slicer-and-shredder-attachment-set
https://www.wolstead.com/products/wolstead-palette-stainless-steel-beater-1,https://www.kitchenwarehouse.com.au/product/wolstead-palette-stainless-steel-beater
https://www.wolstead.com/products/wolstead-palette-stainless-steel-dough-hook-1,https://www.kitchenwarehouse.com.au/product/wolstead-palette-stainless-steel-dough-hook
https://www.wolstead.com/products/wolstead-palette-stainless-steel-food-grinder-mincer-attachment-1,https://www.kitchenwarehouse.com.au/product/wolstead-palette-stainless-steel-food-grinder/mincer-attachment
https://www.wolstead.com/products/wolstead-palette-stainless-steel-mixing-bowl-5l-1,https://www.kitchenwarehouse.com.au/product/wolstead-palette-stainless-steel-mixing-bowl-5l
https://www.wolstead.com/products/wolstead-palette-stainless-steel-pasta-pack-set-of-3,https://www.kitchenwarehouse.com.au/product/wolstead-palette-stainless-steel-pasta-pack-set-of-3
https://www.wolstead.com/products/wolstead-palette-stainless-steel-pasta-roller-attachment-set-3pc-1,https://www.kitchenwarehouse.com.au/product/wolstead-palette-stainless-steel-pasta-roller-attachment-set-3pc
https://www.wolstead.com/products/wolstead-palette-stainless-steel-silicone-edge-beater-1,https://www.kitchenwarehouse.com.au/product/wolstead-palette-stainless-steel-silicone-edge-beater
https://www.wolstead.com/products/wolstead-palette-stainless-steel-wire-whisk-1,https://www.kitchenwarehouse.com.au/product/wolstead-palette-stainless-steel-wire-whisk
https://www.wolstead.com/products/wolstead-palette-stand-mixer-cloud,https://www.kitchenwarehouse.com.au/product/wolstead-palette-stand-mixer-cloud
https://www.wolstead.com/products/wolstead-palette-stand-mixer-denim-1,https://www.kitchenwarehouse.com.au/product/wolstead-palette-stand-mixer-denim
https://www.wolstead.com/products/wolstead-palette-stand-mixer-dusty-pink-1,https://www.kitchenwarehouse.com.au/product/wolstead-palette-stand-mixer-dusty-pink
https://www.wolstead.com/products/wolstead-palette-stand-mixer-forest-green,https://www.kitchenwarehouse.com.au/product/wolstead-palette-stand-mixer-forest-green
https://www.wolstead.com/products/wolstead-palette-stand-mixer-liquorice,https://www.kitchenwarehouse.com.au/product/wolstead-palette-stand-mixer-liquorice
https://www.wolstead.com/products/wolstead-palette-stand-mixer-mist-green-1,https://www.kitchenwarehouse.com.au/product/wolstead-palette-stand-mixer-mist-green
https://www.wolstead.com/products/wolstead-palette-stand-mixer-nougat-1,https://www.kitchenwarehouse.com.au/product/wolstead-palette-stand-mixer-nougat
https://www.wolstead.com/products/wolstead-prime-4-slice-grill-and-sandwich-press,https://www.kitchenwarehouse.com.au/product/wolstead-prime-4-slice-grill-and-sandwich-press
https://www.wolstead.com/products/wolstead-prime-waffle-and-jaffle-maker,https://www.kitchenwarehouse.com.au/product/wolstead-prime-waffle-and-jaffle-maker
https://www.wolstead.com/products/wolstead-pro-rapido-pizza-oven-matte-black-1,https://www.kitchenwarehouse.com.au/product/wolstead-rapido-pizza-oven-matte-black
https://www.wolstead.com/products/wolstead-pro-rapido-pizza-oven-red,https://www.kitchenwarehouse.com.au/product/wolstead-rapido-pizza-oven-matte-black
https://www.wolstead.com/products/wolstead-pro-steel-3pc-triply-stainless-steel-saucepan-set-1,https://www.kitchenwarehouse.com.au/product/wolstead-pro-steel-3pc-triply-stainless-steel-saucepan-set
https://www.wolstead.com/products/wolstead-pro-steel-3pc-triply-stainless-steel-saucepan-set,https://www.kitchenwarehouse.com.au/product/wolstead-pro-steel-3pc-triply-stainless-steel-saucepan-set
https://www.wolstead.com/products/wolstead-pro-steel-5pc-triply-stainless-steel-cookware-set-1,https://www.kitchenwarehouse.com.au/product/wolstead-pro-steel-5pc-triply-stainless-steel-cookware-set
https://www.wolstead.com/products/wolstead-pro-steel-5pc-triply-stainless-steel-cookware-set,https://www.kitchenwarehouse.com.au/product/wolstead-pro-steel-5pc-triply-stainless-steel-cookware-set
https://www.wolstead.com/products/wolstead-pro-steel-triply-stainless-steel-chefs-pan-with-lid-32cm-6-4l,https://www.kitchenwarehouse.com.au/product/wolstead-pro-steel-triply-stainless-steel-chef's-pan-with-lid-32cm-6-4l
https://www.wolstead.com/products/wolstead-pro-steel-triply-stainless-steel-frypan-20cm,https://www.kitchenwarehouse.com.au/product/wolstead-pro-steel-triply-stainless-steel-frypan-20cm
https://www.wolstead.com/products/wolstead-pro-steel-triply-stainless-steel-frypan-26cm,https://www.kitchenwarehouse.com.au/product/wolstead-pro-steel-triply-stainless-steel-frypan-26cm
https://www.wolstead.com/products/wolstead-pro-steel-triply-stainless-steel-frypan-28cm,https://www.kitchenwarehouse.com.au/product/wolstead-pro-steel-triply-stainless-steel-frypan-26cm
https://www.wolstead.com/products/wolstead-pro-steel-triply-stainless-steel-frypan-30cm,https://www.kitchenwarehouse.com.au/product/wolstead-pro-steel-triply-stainless-steel-frypan-30cm
https://www.wolstead.com/products/wolstead-pro-steel-triply-stainless-steel-saucepan-with-lid-14cm-1l,https://www.kitchenwarehouse.com.au/product/wolstead-pro-steel-triply-stainless-steel-saucepan-with-lid-14cm-1l
https://www.wolstead.com/products/wolstead-pro-steel-triply-stainless-steel-saucepan-with-lid-16cm-1-5l,https://www.kitchenwarehouse.com.au/product/wolstead-pro-steel-triply-stainless-steel-saucepan-with-lid-16cm-1-5l
https://www.wolstead.com/products/wolstead-pro-steel-triply-stainless-steel-saucepan-with-lid-18cm-2-5l,https://www.kitchenwarehouse.com.au/product/wolstead-pro-steel-triply-stainless-steel-saucepan-with-lid-18cm-2-5l
https://www.wolstead.com/products/wolstead-pro-steel-triply-stainless-steel-saucepan-with-lid-20cm-3-5l,https://www.kitchenwarehouse.com.au/product/wolstead-pro-steel-triply-stainless-steel-saucepan-with-lid-20cm-3-5l
https://www.wolstead.com/products/wolstead-pro-steel-triply-stainless-steel-stockpot-with-lid-24cm-6-5l,https://www.kitchenwarehouse.com.au/product/wolstead-pro-steel-triply-stainless-steel-stockpot-with-lid-24cm-6-5l
https://www.wolstead.com/products/wolstead-pro-swift-digital-air-fryer-8l-matte-black,https://www.kitchenwarehouse.com.au/brands/wolstead/wolstead-swift
https://www.wolstead.com/products/wolstead-pro-swift-digital-air-fryer-oven-12l-black-1,https://www.kitchenwarehouse.com.au/brands/wolstead/wolstead-swift
https://www.wolstead.com/products/wolstead-pro-vario-multi-plate-sandwich-maker-black,https://www.kitchenwarehouse.com.au/product/wolstead-prime-4-slice-grill-and-sandwich-press
https://www.wolstead.com/products/wolstead-puredry-crumb-tray-for-10-tray-dehydrator,https://www.kitchenwarehouse.com.au/product/wolstead-puredry-crumb-tray-for-10-tray-dehydrator
https://www.wolstead.com/products/wolstead-puredry-crumb-tray-for-6-tray-dehydrator,https://www.kitchenwarehouse.com.au/product/wolstead-puredry-crumb-tray-for-6-tray-dehydrator
https://www.wolstead.com/products/wolstead-puredry-mesh-tray-for-6-10-tray-dehydrator,https://www.kitchenwarehouse.com.au/product/wolstead-puredry-mesh-tray-for-6-10-tray-dehydrator
https://www.wolstead.com/products/wolstead-puredry-silicone-mat-for-6-and-10-tray-dehydrator-set-of-2,https://www.kitchenwarehouse.com.au/product/wolstead-puredry-silicone-mat-for-6-and-10-tray-dehydrator-set-of-2
https://www.wolstead.com/products/wolstead-puredry-silicone-pad-for-6-and-10-tray-dehydrator-set-of-2,https://www.kitchenwarehouse.com.au/product/wolstead-puredry-silicone-pad-for-6-and-10-tray-dehydrator-set-of-2
https://www.wolstead.com/products/wolstead-rapido-artisan-pizza-oven,https://www.kitchenwarehouse.com.au/product/wolstead-rapido-artisan-pizza-oven
https://www.wolstead.com/products/wolstead-rectangular-universal-knife-block,https://www.kitchenwarehouse.com.au/product/wolstead-rectangular-universal-knife-block
https://www.wolstead.com/products/wolstead-rise-bread-maker-with-fruit-and-nut-dispenser,https://www.kitchenwarehouse.com.au/product/wolstead-rise-bread-maker-with-fruit-and-nut-dispenser
https://www.wolstead.com/products/wolstead-ritual-multi-slow-juicer-black,https://www.kitchenwarehouse.com.au/product/wolstead-ritual-multi-slow-juicer-black
https://www.wolstead.com/products/wolstead-round-universal-knife-block-large,https://www.kitchenwarehouse.com.au/product/wolstead-round-large-universal-knife-block
https://www.wolstead.com/products/wolstead-satoru-damascus-6pc-knife-block-set,https://www.kitchenwarehouse.com.au/product/wolstead-satoru-damascus-6pc-knife-block-set
https://www.wolstead.com/products/wolstead-satoru-damascus-bread-knife-20cm,https://www.kitchenwarehouse.com.au/product/wolstead-satoru-damascus-bread-knife-20cm
https://www.wolstead.com/products/wolstead-satoru-damascus-chefs-knife-20cm,https://www.kitchenwarehouse.com.au/product/wolstead-satoru-damascus-chefs-knife-20cm
https://www.wolstead.com/products/wolstead-satoru-damascus-paring-knife-10cm,https://www.kitchenwarehouse.com.au/product/wolstead-satoru-damascus-paring-knife-10cm
https://www.wolstead.com/products/wolstead-satoru-damascus-santoku-knife-14cm,https://www.kitchenwarehouse.com.au/product/wolstead-satoru-damascus-santoku-knife-14cm
https://www.wolstead.com/products/wolstead-satoru-damascus-santoku-knife-17-5cm,https://www.kitchenwarehouse.com.au/product/wolstead-satoru-damascus-santoku-knife-17-5cm
https://www.wolstead.com/products/wolstead-satoru-damascus-utility-knife-12-5cm,https://www.kitchenwarehouse.com.au/product/wolstead-satoru-damascus-utility-knife-12-5cm
https://www.wolstead.com/products/wolstead-series-acacia-wood-cutting-board-50x35cm,https://www.kitchenwarehouse.com.au/product/wolstead-series-acacia-wood-cutting-board-50x35cm
https://www.wolstead.com/products/wolstead-series-teak-wood-cutting-board-50x35cm,https://www.kitchenwarehouse.com.au/product/wolstead-series-teak-wood-cutting-board-50x35cm
https://www.wolstead.com/products/wolstead-series-walnut-wood-cutting-board-50x35cm,https://www.kitchenwarehouse.com.au/product/wolstead-series-walnut-wood-cutting-board-50x35cm
https://www.wolstead.com/products/wolstead-slim-single-induction-cooktop,https://www.kitchenwarehouse.com.au/product/wolstead-slim-single-induction-cooktop
https://www.wolstead.com/products/wolstead-slim-twin-induction-cooktop,https://www.kitchenwarehouse.com.au/product/wolstead-slim-twin-induction-cooktop
https://www.wolstead.com/products/wolstead-slushy-frozen-drink-maker-2l-matte-black,https://www.kitchenwarehouse.com.au/product/wolstead-slushy-frozen-drink-maker-2l-matte-black
https://www.wolstead.com/products/wolstead-steeltek-stainless-steel-non-stick-milk-pan-14cm-1l,https://www.kitchenwarehouse.com.au/product/wolstead-steeltek-stainless-steel-non-stick-milk-pan-14cm-1l
https://www.wolstead.com/products/wolstead-steeltek-ultra-2pc-stainless-steel-frypan-set-20cm-28cm,https://www.kitchenwarehouse.com.au/product/wolstead-steeltek-ultra-2pc-stainless-steel-frypan-set-20cm-28cm
https://www.wolstead.com/products/wolstead-steeltek-ultra-3pc-stainless-steel-saucepan-set,https://www.kitchenwarehouse.com.au/product/wolstead-steeltek-ultra-3pc-stainless-steel-saucepan-set
https://www.wolstead.com/products/wolstead-steeltek-ultra-6pc-stainless-steel-cookware-set,https://www.kitchenwarehouse.com.au/product/wolstead-steeltek-ultra-6pc-stainless-steel-cookware-set
https://www.wolstead.com/products/wolstead-steeltek-ultra-9pc-stainless-steel-cookware-set,https://www.kitchenwarehouse.com.au/product/wolstead-steeltek-ultra-9pc-stainless-steel-cookware-set
https://www.wolstead.com/products/wolstead-steeltek-ultra-stainless-steel-casserole-with-lid-24cm-4-5l,https://www.kitchenwarehouse.com.au/product/wolstead-steeltek-ultra-stainless-steel-casserole-with-lid-24cm
https://www.wolstead.com/products/wolstead-steeltek-ultra-stainless-steel-chefs-pan-with-lid-32cm,https://www.kitchenwarehouse.com.au/product/wolstead-steeltek-ultra-stainless-steel-chef-s-pan-with-lid-32cm
https://www.wolstead.com/products/wolstead-steeltek-ultra-stainless-steel-frypan-20cm,https://www.kitchenwarehouse.com.au/product/wolstead-steeltek-ultra-stainless-steel-frypan-20cm
https://www.wolstead.com/products/wolstead-steeltek-ultra-stainless-steel-frypan-26cm,https://www.kitchenwarehouse.com.au/product/wolstead-steeltek-ultra-stainless-steel-frypan-26cm
https://www.wolstead.com/products/wolstead-steeltek-ultra-stainless-steel-frypan-28cm,https://www.kitchenwarehouse.com.au/product/wolstead-steeltek-ultra-stainless-steel-frypan-28cm
https://www.wolstead.com/products/wolstead-steeltek-ultra-stainless-steel-frypan-with-helper-handle-30cm,https://www.kitchenwarehouse.com.au/product/wolstead-steeltek-ultra-stainless-steel-frypan-with-helper-handle-30cm
https://www.wolstead.com/products/wolstead-steeltek-ultra-stainless-steel-multi-steamer-with-lid-16-18-20cm,https://www.kitchenwarehouse.com.au/product/wolstead-steeltek-ultra-stainless-steel-multi-steamer-20cm
https://www.wolstead.com/products/wolstead-steeltek-ultra-stainless-steel-non-stick-milk-pan-14cm-1l,https://www.kitchenwarehouse.com.au/product/wolstead-steeltek-ultra-stainless-steel-non-stick-milk-pan-14cm
https://www.wolstead.com/products/wolstead-steeltek-ultra-stainless-steel-saucepan-with-lid-16cm-1l,https://www.kitchenwarehouse.com.au/product/wolstead-steeltek-ultra-stainless-steel-saucepan-with-lid-20cm
https://www.wolstead.com/products/wolstead-steeltek-ultra-stainless-steel-saucepan-with-lid-18cm-1-5l,https://www.kitchenwarehouse.com.au/product/wolstead-steeltek-ultra-stainless-steel-saucepan-with-lid-18cm
https://www.wolstead.com/products/wolstead-steeltek-ultra-stainless-steel-saucepan-with-lid-20cm-2-5l,https://www.kitchenwarehouse.com.au/product/wolstead-steeltek-ultra-stainless-steel-saucepan-with-lid-16cm
https://www.wolstead.com/products/wolstead-steeltek-ultra-stainless-steel-saute-pan-with-lid-28cm,https://www.kitchenwarehouse.com.au/product/wolstead-steeltek-ultra-stainless-steel-saute-pan-with-lid-28cm
https://www.wolstead.com/products/wolstead-steeltek-ultra-stainless-steel-stockpot-26cm-11l,https://www.kitchenwarehouse.com.au/product/wolstead-steeltek-ultra-stainless-steel-stockpot-26cm-11l
https://www.wolstead.com/products/wolstead-steeltek-ultra-stainless-steel-stockpot-with-lid-28cm-9l,https://www.kitchenwarehouse.com.au/product/wolstead-steeltek-ultra-stainless-steel-stockpot-with-lid-28cm
https://www.wolstead.com/products/wolstead-steeltek-ultra-stainless-steel-wok-with-lid-32cm,https://www.kitchenwarehouse.com.au/product/wolstead-steeltek-ultra-stainless-steel-wok-with-lid-32cm
https://www.wolstead.com/products/wolstead-stonetek-10pc-cookware-set,https://www.kitchenwarehouse.com.au/product/wolstead-stonetek-10pc-non-stick-cookware-set
https://www.wolstead.com/products/wolstead-stonetek-3pc-saucepan-set,https://www.kitchenwarehouse.com.au/product/wolstead-stonetek-3pc-saucepan-set
https://www.wolstead.com/products/wolstead-stonetek-ultra-10pc-cookware-set-black-1,https://www.kitchenwarehouse.com.au/product/wolstead-stonetek-ultra-10pc-cookware-set-black
https://www.wolstead.com/products/wolstead-stonetek-ultra-2pc-frypan-set-24cm-and-30cm-black-1,https://www.kitchenwarehouse.com.au/product/wolstead-stonetek-ultra-2pc-frypan-set-24cm-and-30cm-black
https://www.wolstead.com/products/wolstead-stonetek-ultra-3pc-frypan-set-black,https://www.kitchenwarehouse.com.au/product/wolstead-stonetek-ultra-3pc-frypan-set-black
https://www.wolstead.com/products/wolstead-stonetek-ultra-3pc-frypan-set-denim,https://www.kitchenwarehouse.com.au/product/wolstead-stonetek-ultra-3pc-frypan-set-denim
https://www.wolstead.com/products/wolstead-stonetek-ultra-3pc-frypan-set-dusty-pink,https://www.kitchenwarehouse.com.au/product/wolstead-stonetek-ultra-3pc-frypan-set-dusty-pink
https://www.wolstead.com/products/wolstead-stonetek-ultra-3pc-frypan-set-mist-green,https://www.kitchenwarehouse.com.au/product/wolstead-stonetek-ultra-3pc-frypan-set-mist-green
https://www.wolstead.com/products/wolstead-stonetek-ultra-3pc-frypan-set-nougat,https://www.kitchenwarehouse.com.au/product/wolstead-stonetek-ultra-3pc-frypan-set-nougat
https://www.wolstead.com/products/wolstead-stonetek-ultra-3pc-saucepan-set-black,https://www.kitchenwarehouse.com.au/product/wolstead-stonetek-ultra-3pc-saucepan-set-black
https://www.wolstead.com/products/wolstead-stonetek-ultra-4pc-cookware-set-black,https://www.kitchenwarehouse.com.au/product/wolstead-stonetek-ultra-4pc-cookware-set-black
https://www.wolstead.com/products/wolstead-stonetek-ultra-4pc-cookware-set-denim,https://www.kitchenwarehouse.com.au/product/wolstead-stonetek-ultra-4pc-cookware-set-denim
https://www.wolstead.com/products/wolstead-stonetek-ultra-4pc-cookware-set-dusty-pink,https://www.kitchenwarehouse.com.au/product/wolstead-stonetek-ultra-4pc-cookware-set-dusty-pink
https://www.wolstead.com/products/wolstead-stonetek-ultra-4pc-cookware-set-mist-green,https://www.kitchenwarehouse.com.au/product/wolstead-stonetek-ultra-4pc-cookware-set-mist-green
https://www.wolstead.com/products/wolstead-stonetek-ultra-4pc-cookware-set-nougat,https://www.kitchenwarehouse.com.au/product/wolstead-stonetek-ultra-4pc-cookware-set-nougat
https://www.wolstead.com/products/wolstead-stonetek-ultra-crepe-pan-24cm-black,https://www.kitchenwarehouse.com.au/product/wolstead-stonetek-ultra-crepe-pan-24cm-black
https://www.wolstead.com/products/wolstead-stonetek-ultra-frypan-20cm-black-1,https://www.kitchenwarehouse.com.au/product/wolstead-stonetek-ultra-frypan-20cm-black
https://www.wolstead.com/products/wolstead-stonetek-ultra-frypan-26cm-black,https://www.kitchenwarehouse.com.au/product/wolstead-stonetek-ultra-frypan-26cm-black
https://www.wolstead.com/products/wolstead-stonetek-ultra-frypan-28cm-black,https://www.kitchenwarehouse.com.au/product/wolstead-stonetek-ultra-frypan-28cm-black
https://www.wolstead.com/products/wolstead-stonetek-ultra-frypan-30cm-black,https://www.kitchenwarehouse.com.au/product/wolstead-stonetek-ultra-frypan-30cm-black
https://www.wolstead.com/products/wolstead-stonetek-ultra-grill-pan-28cm-black,https://www.kitchenwarehouse.com.au/product/wolstead-stonetek-ultra-grill-pan-28cm-black
https://www.wolstead.com/products/wolstead-stonetek-ultra-low-casserole-with-lid-30cm-black,https://www.kitchenwarehouse.com.au/product/wolstead-stonetek-ultra-low-casserole-with-lid-30cm-black
https://www.wolstead.com/products/wolstead-stonetek-ultra-milk-pan-14cm-1l-black-1,https://www.kitchenwarehouse.com.au/product/wolstead-stonetek-ultra-milk-pan-14cm-1l-black
https://www.wolstead.com/products/wolstead-stonetek-ultra-saute-pan-with-steamer-28cm-black,https://www.kitchenwarehouse.com.au/product/wolstead-stonetek-ultra-saute-pan-with-steamer-28cm-black
https://www.wolstead.com/products/wolstead-stonetek-ultra-saute-pan-with-steamer-28cm-denim,https://www.kitchenwarehouse.com.au/product/wolstead-stonetek-ultra-saute-pan-with-steamer-28cm-denim
https://www.wolstead.com/products/wolstead-stonetek-ultra-saute-pan-with-steamer-28cm-dusty-pink,https://www.kitchenwarehouse.com.au/product/wolstead-stonetek-ultra-saute-pan-with-steamer-28cm-dusty-pink
https://www.wolstead.com/products/wolstead-stonetek-ultra-saute-pan-with-steamer-28cm-mist-green,https://www.kitchenwarehouse.com.au/product/wolstead-stonetek-ultra-saute-pan-with-steamer-28cm-mist-green
https://www.wolstead.com/products/wolstead-stonetek-ultra-saute-pan-with-steamer-28cm-nougat,https://www.kitchenwarehouse.com.au/product/wolstead-stonetek-ultra-saute-pan-with-steamer-28cm-nougat
https://www.wolstead.com/products/wolstead-stonetek-ultra-wok-with-lid-28cm-black,https://www.kitchenwarehouse.com.au/product/wolstead-stonetek-ultra-wok-with-lid-28cm-black
https://www.wolstead.com/products/wolstead-stonetek-ultra-wok-with-lid-32cm-black,https://www.kitchenwarehouse.com.au/product/wolstead-stonetek-ultra-wok-with-lid-32cm-black
https://www.wolstead.com/products/wolstead-superior-2pc-non-stick-induction-frypan-set-20cm-26cm,https://www.kitchenwarehouse.com.au/product/wolstead-superior-2pc-non-stick-induction-frypan-set-20cm-26cm
https://www.wolstead.com/products/wolstead-superior-6pc-non-stick-induction-cookware-set,https://www.kitchenwarehouse.com.au/product/wolstead-superior-6pc-non-stick-induction-cookware-set
https://www.wolstead.com/products/wolstead-superior-non-stick-induction-chefs-pan-32cm-6-5l,https://www.kitchenwarehouse.com.au/product/wolstead-superior-non-stick-induction-chef-s-pan-32cm-6-5l
https://www.wolstead.com/products/wolstead-superior-non-stick-induction-frypan-20cm,https://www.kitchenwarehouse.com.au/product/wolstead-superior-non-stick-induction-frypan-20cm
https://www.wolstead.com/products/wolstead-superior-non-stick-induction-frypan-26cm,https://www.kitchenwarehouse.com.au/product/wolstead-superior-non-stick-induction-frypan-26cm
https://www.wolstead.com/products/wolstead-superior-non-stick-induction-frypan-30cm,https://www.kitchenwarehouse.com.au/product/wolstead-superior-non-stick-induction-frypan-30cm
https://www.wolstead.com/products/wolstead-superior-non-stick-induction-frypan-32cm,https://www.kitchenwarehouse.com.au/product/wolstead-superior-non-stick-induction-frypan-32cm
https://www.wolstead.com/products/wolstead-superior-non-stick-induction-saucepan-18cm-2-7l,https://www.kitchenwarehouse.com.au/product/wolstead-superior-non-stick-induction-saucepan-18cm-2-7l
https://www.wolstead.com/products/wolstead-superior-non-stick-induction-saucepan-with-lid-20cm-3-8l,https://www.kitchenwarehouse.com.au/product/wolstead-superior-non-stick-induction-saucepan-with-lid-20cm-3-8l
https://www.wolstead.com/products/wolstead-superior-non-stick-induction-saute-pan-30cm-4l,https://www.kitchenwarehouse.com.au/product/wolstead-superior-non-stick-induction-saute-pan-30cm-4l
https://www.wolstead.com/products/wolstead-superior-non-stick-induction-wok-32cm,https://www.kitchenwarehouse.com.au/product/wolstead-superior-non-stick-induction-wok-32cm
https://www.wolstead.com/products/wolstead-superior-square-forged-grill-28cm,https://www.kitchenwarehouse.com.au/product/wolstead-superior-square-non-stick-induction-grill-28cm
https://www.wolstead.com/products/wolstead-superior-square-non-stick-induction-grill-28cm,https://www.kitchenwarehouse.com.au/product/wolstead-superior-square-non-stick-induction-grill-28cm
https://www.wolstead.com/products/wolstead-superior-steel-chef-pan-with-lid-30cm,https://www.kitchenwarehouse.com.au/brands/wolstead/wolstead-superior-steel
https://www.wolstead.com/products/wolstead-superior-steel-frypan-30cm,https://www.kitchenwarehouse.com.au/brands/wolstead/wolstead-superior-steel
https://www.wolstead.com/products/wolstead-superior-steel-non-stick-frypan-24cm,https://www.kitchenwarehouse.com.au/brands/wolstead/wolstead-superior-steel
https://www.wolstead.com/products/wolstead-superior-steel-non-stick-frypan-28cm,https://www.kitchenwarehouse.com.au/brands/wolstead/wolstead-superior-steel
https://www.wolstead.com/products/wolstead-superior-steel-saucepan-with-lid-16cm,https://www.kitchenwarehouse.com.au/product/wolstead-superior-steel-saucepan-with-lid-16cm
https://www.wolstead.com/products/wolstead-superior-steel-saucepan-with-lid-18cm,https://www.kitchenwarehouse.com.au/product/wolstead-superior-steel-saucepan-with-lid-18cm
https://www.wolstead.com/products/wolstead-superior-steel-saucepan-with-lid-20cm,https://www.kitchenwarehouse.com.au/product/wolstead-superior-steel-saucepan-with-lid-20cm
https://www.wolstead.com/products/wolstead-superior-steel-saute-pan-with-lid-28cm,https://www.kitchenwarehouse.com.au/brands/wolstead/wolstead-superior-steel
https://www.wolstead.com/products/wolstead-swift-french-door-digital-air-fryer-oven-28l-black,https://www.kitchenwarehouse.com.au/product/wolstead-swift-french-door-digital-air-fryer-oven-28l-black
https://www.wolstead.com/products/wolstead-teppanyaki-grill,https://www.kitchenwarehouse.com.au/product/wolstead-teppanyaki-grill
https://www.wolstead.com/products/wolstead-titan-non-stick-induction-2pc-frypan-set-26cm-30cm,https://www.kitchenwarehouse.com.au/product/wolstead-titan-non-stick-induction-2pc-frypan-set-26cm-30cm
https://www.wolstead.com/products/wolstead-titan-non-stick-induction-6pc-cookware-set,https://www.kitchenwarehouse.com.au/product/wolstead-titan-6pc-non-stick-induction-cookware-set
https://www.wolstead.com/products/wolstead-titan-non-stick-induction-chefs-pan-28cm,https://www.kitchenwarehouse.com.au/product/wolstead-titan-non-stick-induction-chef-s-pan-28cm
https://www.wolstead.com/products/wolstead-titan-non-stick-induction-frypan-20cm,https://www.kitchenwarehouse.com.au/product/wolstead-titan-non-stick-induction-frypan-20cm
https://www.wolstead.com/products/wolstead-titan-non-stick-induction-frypan-26cm,https://www.kitchenwarehouse.com.au/product/wolstead-titan-non-stick-induction-frypan-26cm
https://www.wolstead.com/products/wolstead-titan-non-stick-induction-frypan-28cm,https://www.kitchenwarehouse.com.au/product/wolstead-titan-non-stick-induction-frypan-28cm
https://www.wolstead.com/products/wolstead-titan-non-stick-induction-frypan-30cm,https://www.kitchenwarehouse.com.au/product/wolstead-titan-non-stick-induction-frypan-30cm
https://www.wolstead.com/products/wolstead-universal-in-drawer-knife-organiser,https://www.kitchenwarehouse.com.au/product/wolstead-universal-in-drawer-knife-organiser
https://www.wolstead.com/products/wolstead-universal-magnetic-knife-rack-45cm,https://www.kitchenwarehouse.com.au/product/wolstead-universal-magnetic-knife-rack-45cm